ID,Name,Age,Department,Joining Date
1,John Doe,30,Engineering,2021-05-14
2,Jane Smith,25,Design,2020-03-10
3,Robert Brown,35,Engineering,2019-07-23
4,Lisa White,28,Marketing,2022-01-15
5,Michael Green,40,Management,2018-11-30
6,Susan Blue,32,Finance,2021-08-19
7,David Black,29,Engineering,2023-06-01
8,Nancy Gray,31,Design,2020-12-11
9,Charles Pink,45,Management,2017-09-05
10,Emily Violet,27,Marketing,2023-04-22
11,Anna Red,29,Engineering,2023-02-18
12,Paul Yellow,33,Finance,2020-05-21
13,Victor Orange,37,Engineering,2019-11-10
14,Clara Green,26,Marketing,2021-07-16
15,Frank Brown,39,Management,2018-03-25
16,Grace White,28,Design,2021-10-03
17,Hannah Gray,30,Finance,2022-02-12
18,Ian Black,34,Engineering,2019-09-09
19,Julia Pink,24,Marketing,2023-01-27
20,Karl Violet,42,Management,2017-08-14
21,Lisa Red,36,Engineering,2020-04-19
22,Mike Yellow,30,Finance,2019-06-02
23,Neil Orange,38,Engineering,2018-12-11
24,Olivia Green,29,Marketing,2022-05-25
25,Peter Brown,40,Management,2019-01-18
26,Quincy White,27,Design,2020-09-08
27,Rachel Gray,32,Finance,2021-11-03
28,Steven Black,33,Engineering,2018-04-15
29,Thomas Pink,25,Marketing,2023-07-20
30,Uma Violet,31,Management,2017-06-07
31,Vera Red,34,Engineering,2022-03-19
32,Wesley Yellow,26,Finance,2021-08-30
33,Xena Orange,35,Engineering,2019-11-29
34,Yasmin Green,28,Marketing,2020-07-14
35,Zachary Brown,45,Management,2018-02-10
36,Abby White,27,Design,2021-05-17
37,Brian Gray,33,Finance,2020-11-06
38,Cindy Black,29,Engineering,2019-02-23
39,Derek Pink,38,Marketing,2022-06-21
40,Eva Violet,41,Management,2017-04-18
41,Fiona Red,30,Engineering,2023-08-11
42,George Yellow,34,Finance,2018-05-22
43,Hazel Orange,39,Engineering,2020-03-10
44,Ivy Green,28,Marketing,2021-02-14
45,James Brown,40,Management,2018-01-20
46,Kim White,27,Design,2022-04-07
47,Liam Gray,31,Finance,2023-06-25
48,Molly Black,32,Engineering,2019-07-08
49,Nate Pink,26,Marketing,2020-08-13
50,Oscar Violet,44,Management,2017-09-17
51,Piper Red,25,Engineering,2023-03-22
52,Quinn Yellow,33,Finance,2020-02-29
53,Ron Orange,36,Engineering,2021-01-05
54,Sophie Green,29,Marketing,2018-12-06
55,Tina Brown,38,Management,2020-10-01
56,Uma White,30,Design,2019-03-11
57,Vin Gray,35,Finance,2021-09-19
58,Wendy Black,28,Engineering,2020-11-30
59,Xavier Pink,42,Marketing,2017-07-22
60,Yvonne Violet,31,Management,2022-02-09
61,Zara Red,32,Engineering,2019-06-13
62,Aaron Yellow,27,Finance,2021-12-15
63,Brenda Orange,34,Engineering,2022-03-27
64,Caleb Green,30,Marketing,2018-09-12
65,Diana Brown,41,Management,2020-04-10
66,Emily White,29,Design,2019-05-08
67,Felix Gray,40,Finance,2021-07-05
68,Grace Black,33,Engineering,2023-09-29
69,Henry Pink,26,Marketing,2020-06-16
70,Ivy Violet,37,Management,2017-10-25
71,Jack Red,38,Engineering,2018-11-04
72,Karen Yellow,30,Finance,2019-08-24
73,Leo Orange,39,Engineering,2021-12-01
74,Maya Green,25,Marketing,2022-07-31
75,Nora Brown,29,Management,2019-10-07
76,Owen White,31,Design,2020-01-09
77,Penny Gray,36,Finance,2022-05-29
78,Quinn Black,28,Engineering,2018-02-22
79,Rose Pink,42,Marketing,2021-10-18
80,Sam Violet,40,Management,2017-09-03
81,Tina Red,27,Engineering,2022-06-23
82,Uma Yellow,33,Finance,2020-11-12
83,Vivian Orange,34,Engineering,2019-12-26
84,Will Green,29,Marketing,2021-01-17
85,Xena Brown,39,Management,2018-03-19
86,Yasmin White,28,Design,2022-02-11
87,Zack Gray,37,Finance,2017-06-29
88,Amelia Black,32,Engineering,2023-08-04
89,Ben Pink,31,Marketing,2020-03-25
90,Chloe Violet,35,Management,2018-05-15
91,Dylan Red,29,Engineering,2019-01-12
92,Ella Yellow,30,Finance,2020-10-22
93,Finn Orange,41,Engineering,2021-09-11
94,Grace Green,25,Marketing,2022-11-02
95,Hannah Brown,38,Management,2018-07-05
96,Ivy White,27,Design,2021-04-08
97,James Gray,33,Finance,2019-09-20
98,Kevin Black,39,Engineering,2023-01-18
99,Lily Pink,28,Marketing,2020-02-14
100,Mason Violet,40,Management,2017-03-09
