ID,Name,Age,Department,Joining Date,Salary
1,John Doe,30,Engineering,2021-05-14,75000
2,Jane Smith,25,Design,2020-03-10,65000
3,Robert Brown,35,Engineering,2019-07-23,85000
4,Lisa White,28,Marketing,2022-01-15,60000
5,Michael Green,40,Management,2018-11-30,95000
6,Susan Blue,32,Finance,2021-08-19,72000
7,David Black,29,Engineering,2023-06-01,78000
8,Nancy Gray,31,Design,2020-12-11,67000
9,Charles Pink,45,Management,2017-09-05,100000
10,Emily Violet,27,Marketing,2023-04-22,62000
11,John Doe,30,Engineering,2021-05-14,75000
12,Jane Smith,25,Design,2020-03-10,65000
13,Robert Brown,35,Engineering,2019-07-23,85000
14,Lisa White,28,Marketing,2022-01-15,60000
15,Michael Green,40,Management,2018-11-30,95000
16,Susan Blue,32,Finance,2021-08-19,72000
17,David Black,29,Engineering,2023-06-01,78000
18,Nancy Gray,31,Design,2020-12-11,67000
19,Charles Pink,45,Management,2017-09-05,100000
20,Emily Violet,27,Marketing,2023-04-22,62000
21,John Doe,30,Engineering,2021-05-14,75000
22,Jane Smith,25,Design,2020-03-10,65000
23,Robert Brown,35,Engineering,2019-07-23,85000
24,Lisa White,28,Marketing,2022-01-15,60000
25,Michael Green,40,Management,2018-11-30,95000
26,Susan Blue,32,Finance,2021-08-19,72000
27,David Black,29,Engineering,2023-06-01,78000
28,Nancy Gray,31,Design,2020-12-11,67000
29,Charles Pink,45,Management,2017-09-05,100000
30,Emily Violet,27,Marketing,2023-04-22,62000
31,John Doe,30,Engineering,2021-05-14,75000
32,Jane Smith,25,Design,2020-03-10,65000
33,Robert Brown,35,Engineering,2019-07-23,85000
34,Lisa White,28,Marketing,2022-01-15,60000
35,Michael Green,40,Management,2018-11-30,95000
36,Susan Blue,32,Finance,2021-08-19,72000
37,David Black,29,Engineering,2023-06-01,78000
38,Nancy Gray,31,Design,2020-12-11,67000
39,Charles Pink,45,Management,2017-09-05,100000
40,Emily Violet,27,Marketing,2023-04-22,62000
41,John Doe,30,Engineering,2021-05-14,75000
42,Jane Smith,25,Design,2020-03-10,65000
43,Robert Brown,35,Engineering,2019-07-23,85000
44,Lisa White,28,Marketing,2022-01-15,60000
45,Michael Green,40,Management,2018-11-30,95000
46,Susan Blue,32,Finance,2021-08-19,72000
47,David Black,29,Engineering,2023-06-01,78000
48,Nancy Gray,31,Design,2020-12-11,67000
49,Charles Pink,45,Management,2017-09-05,100000
50,Emily Violet,27,Marketing,2023-04-22,62000
51,John Doe,30,Engineering,2021-05-14,75000
52,Jane Smith,25,Design,2020-03-10,65000
53,Robert Brown,35,Engineering,2019-07-23,85000
54,Lisa White,28,Marketing,2022-01-15,60000
55,Michael Green,40,Management,2018-11-30,95000
56,Susan Blue,32,Finance,2021-08-19,72000
57,David Black,29,Engineering,2023-06-01,78000
58,Nancy Gray,31,Design,2020-12-11,67000
59,Charles Pink,45,Management,2017-09-05,100000
60,Emily Violet,27,Marketing,2023-04-22,62000
61,John Doe,30,Engineering,2021-05-14,75000
62,Jane Smith,25,Design,2020-03-10,65000
63,Robert Brown,35,Engineering,2019-07-23,85000
64,Lisa White,28,Marketing,2022-01-15,60000
65,Michael Green,40,Management,2018-11-30,95000
66,Susan Blue,32,Finance,2021-08-19,72000
67,David Black,29,Engineering,2023-06-01,78000
68,Nancy Gray,31,Design,2020-12-11,67000
69,Charles Pink,45,Management,2017-09-05,100000
70,Emily Violet,27,Marketing,2023-04-22,62000
71,John Doe,30,Engineering,2021-05-14,75000
72,Jane Smith,25,Design,2020-03-10,65000
73,Robert Brown,35,Engineering,2019-07-23,85000
74,Lisa White,28,Marketing,2022-01-15,60000
75,Michael Green,40,Management,2018-11-30,95000
76,Susan Blue,32,Finance,2021-08-19,72000
77,David Black,29,Engineering,2023-06-01,78000
78,Nancy Gray,31,Design,2020-12-11,67000
79,Charles Pink,45,Management,2017-09-05,100000
80,Emily Violet,27,Marketing,2023-04-22,62000
81,John Doe,30,Engineering,2021-05-14,75000
82,Jane Smith,25,Design,2020-03-10,65000
83,Robert Brown,35,Engineering,2019-07-23,85000
84,Lisa White,28,Marketing,2022-01-15,60000
85,Michael Green,40,Management,2018-11-30,95000
86,Susan Blue,32,Finance,2021-08-19,72000
87,David Black,29,Engineering,2023-06-01,78000
88,Nancy Gray,31,Design,2020-12-11,67000
89,Charles Pink,45,Management,2017-09-05,100000
90,Emily Violet,27,Marketing,2023-04-22,62000
91,John Doe,30,Engineering,2021-05-14,75000
92,Jane Smith,25,Design,2020-03-10,65000
93,Robert Brown,35,Engineering,2019-07-23,85000
94,Lisa White,28,Marketing,2022-01-15,60000
95,Michael Green,40,Management,2018-11-30,95000
96,Susan Blue,32,Finance,2021-08-19,72000
97,David Black,29,Engineering,2023-06-01,78000
98,Nancy Gray,31,Design,2020-12-11,67000
99,Charles Pink,45,Management,2017-09-05,100000
100,Emily Violet,27,Marketing,2023-04-22,62000
